layout,ping_noise,condition,seed,escape_rate,time_to_exit_mean,jam_events_mean,path_eff_mean
corridor,0.08,rule_only,0,0.9333333333333333,247.14285714285714,0,0.4137524934950153
corridor,0.08,rule_only,1,1.0,201.66666666666666,0,0.5224807792429689
corridor,0.08,rule_only,2,0.26666666666666666,736.75,0,0.13751603211025043
corridor,0.08,rule_only,3,0.7333333333333333,224.9090909090909,0.06666666666666667,0.4573788715847034
corridor,0.08,rule_only,4,0.6,195.77777777777777,0,0.498571913476007
corridor,0.08,rule_only,5,0.7333333333333333,251.72727272727272,0,0.419174508942114
corridor,0.08,rule_only,6,0.8,307.4166666666667,0.06666666666666667,0.3707696738071409
corridor,0.08,rule_only,7,0.8666666666666667,314.38461538461536,0,0.37397894944344034
corridor,0.08,rule_only,8,0.8666666666666667,266,0,0.4064754880517578
corridor,0.08,rule_only,9,0.8666666666666667,248.76923076923077,0,0.4621370165678551
corridor,0.08,one_llm,0,0.9333333333333333,157.14285714285714,0,0.6942837134686767
corridor,0.08,one_llm,1,1.0,162.26666666666668,0,0.687514651809799
corridor,0.08,one_llm,2,0.8666666666666667,223.76923076923077,0,0.48824340600208493
corridor,0.08,one_llm,3,0.9333333333333333,150.78571428571428,0.13333333333333333,0.7521436294517074
corridor,0.08,one_llm,4,1.0,140.73333333333332,0,0.8137719154140055
corridor,0.08,one_llm,5,0.9333333333333333,157,0,0.7102388246715816
corridor,0.08,one_llm,6,0.9333333333333333,485.5,0.06666666666666667,0.22621472200328935
corridor,0.08,one_llm,7,1.0,137.8,0,0.8426513331583246
corridor,0.08,one_llm,8,1.0,171.6,0.06666666666666667,0.6608110972661999
corridor,0.08,one_llm,9,1.0,168.53333333333333,0,0.6502260438864826
corridor,0.12,rule_only,0,0.9333333333333333,247.14285714285714,0,0.4137524934950153
corridor,0.12,rule_only,1,1.0,201.66666666666666,0,0.5224807792429689
corridor,0.12,rule_only,2,0.26666666666666666,736.75,0,0.13751603211025043
corridor,0.12,rule_only,3,0.7333333333333333,224.9090909090909,0.06666666666666667,0.4573788715847034
corridor,0.12,rule_only,4,0.6,195.77777777777777,0,0.498571913476007
corridor,0.12,rule_only,5,0.7333333333333333,251.72727272727272,0,0.419174508942114
corridor,0.12,rule_only,6,0.8,307.4166666666667,0.06666666666666667,0.3707696738071409
corridor,0.12,rule_only,7,0.8666666666666667,314.38461538461536,0,0.37397894944344034
corridor,0.12,rule_only,8,0.8666666666666667,266,0,0.4064754880517578
corridor,0.12,rule_only,9,0.8666666666666667,248.76923076923077,0,0.4621370165678551
corridor,0.12,one_llm,0,1.0,164.93333333333334,0,0.673379273293013
corridor,0.12,one_llm,1,1.0,157.13333333333333,0,0.7161278311224538
corridor,0.12,one_llm,2,1.0,204.2,0.06666666666666667,0.542618536496868
corridor,0.12,one_llm,3,0.9333333333333333,164.78571428571428,0.06666666666666667,0.6865794864112398
corridor,0.12,one_llm,4,1.0,179,0.2,0.6294340808045197
corridor,0.12,one_llm,5,1.0,149.93333333333334,0.06666666666666667,0.7452374472398516
corridor,0.12,one_llm,6,0.9333333333333333,173.21428571428572,0.26666666666666666,0.6562143046876966
corridor,0.12,one_llm,7,1.0,152.46666666666667,0,0.7573326820709892
corridor,0.12,one_llm,8,1.0,168.46666666666667,0,0.6621769285022486
corridor,0.12,one_llm,9,1.0,159.53333333333333,0,0.7210920672053274
corridor,0.2,rule_only,0,0.9333333333333333,247.14285714285714,0,0.4137524934950153
corridor,0.2,rule_only,1,1.0,201.66666666666666,0,0.5224807792429689
corridor,0.2,rule_only,2,0.26666666666666666,736.75,0,0.13751603211025043
corridor,0.2,rule_only,3,0.7333333333333333,224.9090909090909,0.06666666666666667,0.4573788715847034
corridor,0.2,rule_only,4,0.6,195.77777777777777,0,0.498571913476007
corridor,0.2,rule_only,5,0.7333333333333333,251.72727272727272,0,0.419174508942114
corridor,0.2,rule_only,6,0.8,307.4166666666667,0.06666666666666667,0.3707696738071409
corridor,0.2,rule_only,7,0.8666666666666667,314.38461538461536,0,0.37397894944344034
corridor,0.2,rule_only,8,0.8666666666666667,266,0,0.4064754880517578
corridor,0.2,rule_only,9,0.8666666666666667,248.76923076923077,0,0.4621370165678551
corridor,0.2,one_llm,0,1.0,158.06666666666666,0.06666666666666667,0.7169694454296401
corridor,0.2,one_llm,1,1.0,151.26666666666668,0,0.74963418236503
corridor,0.2,one_llm,2,0.9333333333333333,183.28571428571428,0.06666666666666667,0.6123792773443067
corridor,0.2,one_llm,3,0.9333333333333333,159.57142857142858,0.06666666666666667,0.7116458098502367
corridor,0.2,one_llm,4,1.0,212.06666666666666,0,0.5368654659820637
corridor,0.2,one_llm,5,0.8666666666666667,177.46153846153845,0.06666666666666667,0.6397931598959348
corridor,0.2,one_llm,6,0.9333333333333333,167.28571428571428,0.13333333333333333,0.6723513098293963
corridor,0.2,one_llm,7,0.9333333333333333,142.85714285714286,0,0.8153794150400164
corridor,0.2,one_llm,8,1.0,262.06666666666666,0,0.4241113084313396
corridor,0.2,one_llm,9,1.0,144.6,0,0.7850795701276222
bottleneck,0.08,rule_only,0,0.5333333333333333,499.5,0,0.21721884649258882
bottleneck,0.08,rule_only,1,0.8,282.0833333333333,0,0.38522595644082863
bottleneck,0.08,rule_only,2,0.0,,0,
bottleneck,0.08,rule_only,3,0.6,705.4444444444445,0.06666666666666667,0.1734770165487056
bottleneck,0.08,rule_only,4,0.4,390.5,0,0.3135250825039623
bottleneck,0.08,rule_only,5,0.2,484.3333333333333,0,0.2497965004475696
bottleneck,0.08,rule_only,6,0.6666666666666666,417.5,0.06666666666666667,0.3039234142011558
bottleneck,0.08,rule_only,7,0.0,,0,
bottleneck,0.08,rule_only,8,0.7333333333333333,512.9090909090909,0,0.24503956933537677
bottleneck,0.08,rule_only,9,0.06666666666666667,884,0,0.11563078331437736
bottleneck,0.08,one_llm,0,0.9333333333333333,150.57142857142858,0.06666666666666667,0.7487751173173174
bottleneck,0.08,one_llm,1,1.0,199.06666666666666,0,0.5587937473340786
bottleneck,0.08,one_llm,2,0.8,194.83333333333334,0,0.5685528360856437
bottleneck,0.08,one_llm,3,0.9333333333333333,174.07142857142858,0.06666666666666667,0.6432352653321495
bottleneck,0.08,one_llm,4,0.9333333333333333,143.35714285714286,0,0.7911923077598438
bottleneck,0.08,one_llm,5,0.9333333333333333,285.85714285714283,0.06666666666666667,0.39583497365000897
bottleneck,0.08,one_llm,6,0.8666666666666667,149.23076923076923,0.06666666666666667,0.7619450611172685
bottleneck,0.08,one_llm,7,1.0,164.6,0,0.6921072656178192
bottleneck,0.08,one_llm,8,1.0,246.93333333333334,0,0.4567168851059763
bottleneck,0.08,one_llm,9,0.0,,0.13333333333333333,
bottleneck,0.12,rule_only,0,0.5333333333333333,499.5,0,0.21721884649258882
bottleneck,0.12,rule_only,1,0.8,282.0833333333333,0,0.38522595644082863
bottleneck,0.12,rule_only,2,0.0,,0,
bottleneck,0.12,rule_only,3,0.6,705.4444444444445,0.06666666666666667,0.1734770165487056
bottleneck,0.12,rule_only,4,0.4,390.5,0,0.3135250825039623
bottleneck,0.12,rule_only,5,0.2,484.3333333333333,0,0.2497965004475696
bottleneck,0.12,rule_only,6,0.6666666666666666,417.5,0.06666666666666667,0.3039234142011558
bottleneck,0.12,rule_only,7,0.0,,0,
bottleneck,0.12,rule_only,8,0.7333333333333333,512.9090909090909,0,0.24503956933537677
bottleneck,0.12,rule_only,9,0.06666666666666667,884,0,0.11563078331437736
bottleneck,0.12,one_llm,0,0.9333333333333333,151.78571428571428,0,0.7461535901469966
bottleneck,0.12,one_llm,1,0.9333333333333333,156.64285714285714,0,0.7215617366507722
bottleneck,0.12,one_llm,2,0.9333333333333333,230.07142857142858,0,0.48020239040877927
bottleneck,0.12,one_llm,3,0.9333333333333333,214.35714285714286,0.13333333333333333,0.5205628695238061
bottleneck,0.12,one_llm,4,0.9333333333333333,484.42857142857144,0,0.23011822829424708
bottleneck,0.12,one_llm,5,0.9333333333333333,391.07142857142856,0.2,0.28656155890095836
bottleneck,0.12,one_llm,6,0.8666666666666667,391.9230769230769,0.06666666666666667,0.27904060645918843
bottleneck,0.12,one_llm,7,1.0,165.93333333333334,0,0.6909212241151952
bottleneck,0.12,one_llm,8,1.0,187.6,0.06666666666666667,0.6053304310359781
bottleneck,0.12,one_llm,9,0.8666666666666667,221.46153846153845,0,0.4993126005027736
bottleneck,0.2,rule_only,0,0.5333333333333333,499.5,0,0.21721884649258882
bottleneck,0.2,rule_only,1,0.8,282.0833333333333,0,0.38522595644082863
bottleneck,0.2,rule_only,2,0.0,,0,
bottleneck,0.2,rule_only,3,0.6,705.4444444444445,0.06666666666666667,0.1734770165487056
bottleneck,0.2,rule_only,4,0.4,390.5,0,0.3135250825039623
bottleneck,0.2,rule_only,5,0.2,484.3333333333333,0,0.2497965004475696
bottleneck,0.2,rule_only,6,0.6666666666666666,417.5,0.06666666666666667,0.3039234142011558
bottleneck,0.2,rule_only,7,0.0,,0,
bottleneck,0.2,rule_only,8,0.7333333333333333,512.9090909090909,0,0.24503956933537677
bottleneck,0.2,rule_only,9,0.06666666666666667,884,0,0.11563078331437736
bottleneck,0.2,one_llm,0,1.0,230.46666666666667,0.06666666666666667,0.48353381416680136
bottleneck,0.2,one_llm,1,0.8,169,0,0.6602832185513802
bottleneck,0.2,one_llm,2,0.9333333333333333,202.5,0,0.553828256801159
bottleneck,0.2,one_llm,3,0.9333333333333333,231.5,0.13333333333333333,0.48558989199137564
bottleneck,0.2,one_llm,4,1.0,220.13333333333333,0,0.5132009796302721
bottleneck,0.2,one_llm,5,1.0,148.6,0,0.7663109576750362
bottleneck,0.2,one_llm,6,0.8666666666666667,537.1538461538462,0.13333333333333333,0.20418103313068534
bottleneck,0.2,one_llm,7,0.8,166.83333333333334,0,0.6698918964895747
bottleneck,0.2,one_llm,8,1.0,187.73333333333332,0,0.6056839401590263
bottleneck,0.2,one_llm,9,0.9333333333333333,932.3571428571429,0.06666666666666667,0.12007313631919479
zigzag,0.08,rule_only,0,0.6666666666666666,361.2,0.06666666666666667,0.28334106228623185
zigzag,0.08,rule_only,1,0.8,294.9166666666667,0,0.3485872376055836
zigzag,0.08,rule_only,2,0.7333333333333333,359.90909090909093,0,0.2821375624555193
zigzag,0.08,rule_only,3,0.7333333333333333,250.9090909090909,0,0.412452800891548
zigzag,0.08,rule_only,4,0.8,303.0833333333333,0,0.3479830840475866
zigzag,0.08,rule_only,5,0.8666666666666667,267.6923076923077,0,0.37769759659172136
zigzag,0.08,rule_only,6,0.8,437.4166666666667,0,0.24297274018128823
zigzag,0.08,rule_only,7,0.4666666666666667,572,0,0.1925116110639154
zigzag,0.08,rule_only,8,0.8666666666666667,470.15384615384613,0,0.26393498489468187
zigzag,0.08,rule_only,9,0.9333333333333333,250.21428571428572,0,0.4224139212851201
zigzag,0.08,one_llm,0,0.8666666666666667,209.69230769230768,0.13333333333333333,0.5200730095646303
zigzag,0.08,one_llm,1,0.8666666666666667,234.15384615384616,0,0.46884250826084445
zigzag,0.08,one_llm,2,0.9333333333333333,235.71428571428572,0,0.4666222854192341
zigzag,0.08,one_llm,3,0.9333333333333333,268.2142857142857,0.06666666666666667,0.4009067588138089
zigzag,0.08,one_llm,4,1.0,226.53333333333333,0.06666666666666667,0.4871848707347852
zigzag,0.08,one_llm,5,0.9333333333333333,209.71428571428572,0.06666666666666667,0.5266259979862281
zigzag,0.08,one_llm,6,1.0,287.3333333333333,0,0.3806818559304233
zigzag,0.08,one_llm,7,0.8,196.75,0.06666666666666667,0.5866681044296669
zigzag,0.08,one_llm,8,0.8666666666666667,348.61538461538464,0,0.3136963707026832
zigzag,0.08,one_llm,9,1.0,614.2,0.2,0.18028198648872357
zigzag,0.12,rule_only,0,0.6666666666666666,361.2,0.06666666666666667,0.28334106228623185
zigzag,0.12,rule_only,1,0.8,294.9166666666667,0,0.3485872376055836
zigzag,0.12,rule_only,2,0.7333333333333333,359.90909090909093,0,0.2821375624555193
zigzag,0.12,rule_only,3,0.7333333333333333,250.9090909090909,0,0.412452800891548
zigzag,0.12,rule_only,4,0.8,303.0833333333333,0,0.3479830840475866
zigzag,0.12,rule_only,5,0.8666666666666667,267.6923076923077,0,0.37769759659172136
zigzag,0.12,rule_only,6,0.8,437.4166666666667,0,0.24297274018128823
zigzag,0.12,rule_only,7,0.4666666666666667,572,0,0.1925116110639154
zigzag,0.12,rule_only,8,0.8666666666666667,470.15384615384613,0,0.26393498489468187
zigzag,0.12,rule_only,9,0.9333333333333333,250.21428571428572,0,0.4224139212851201
zigzag,0.12,one_llm,0,0.9333333333333333,240.07142857142858,0.06666666666666667,0.4615757242100347
zigzag,0.12,one_llm,1,0.9333333333333333,183.57142857142858,0.06666666666666667,0.5848859060332643
zigzag,0.12,one_llm,2,1.0,192.4,0,0.5723285033748505
zigzag,0.12,one_llm,3,1.0,205.53333333333333,0,0.5296304997530376
zigzag,0.12,one_llm,4,1.0,176.4,0.06666666666666667,0.6158625956805162
zigzag,0.12,one_llm,5,0.9333333333333333,240.64285714285714,0,0.46635866018044675
zigzag,0.12,one_llm,6,0.9333333333333333,333.14285714285717,0,0.32844536054051565
zigzag,0.12,one_llm,7,0.7333333333333333,269.8181818181818,0,0.4296307084280615
zigzag,0.12,one_llm,8,1.0,243.26666666666668,0.06666666666666667,0.45542996756603543
zigzag,0.12,one_llm,9,1.0,500.06666666666666,0.06666666666666667,0.22038212673104032
zigzag,0.2,rule_only,0,0.6666666666666666,361.2,0.06666666666666667,0.28334106228623185
zigzag,0.2,rule_only,1,0.8,294.9166666666667,0,0.3485872376055836
zigzag,0.2,rule_only,2,0.7333333333333333,359.90909090909093,0,0.2821375624555193
zigzag,0.2,rule_only,3,0.7333333333333333,250.9090909090909,0,0.412452800891548
zigzag,0.2,rule_only,4,0.8,303.0833333333333,0,0.3479830840475866
zigzag,0.2,rule_only,5,0.8666666666666667,267.6923076923077,0,0.37769759659172136
zigzag,0.2,rule_only,6,0.8,437.4166666666667,0,0.24297274018128823
zigzag,0.2,rule_only,7,0.4666666666666667,572,0,0.1925116110639154
zigzag,0.2,rule_only,8,0.8666666666666667,470.15384615384613,0,0.26393498489468187
zigzag,0.2,rule_only,9,0.9333333333333333,250.21428571428572,0,0.4224139212851201
zigzag,0.2,one_llm,0,0.9333333333333333,232.5,0.13333333333333333,0.4740615972738039
zigzag,0.2,one_llm,1,0.8666666666666667,172.84615384615384,0,0.6250334678575887
zigzag,0.2,one_llm,2,1.0,245.6,0.06666666666666667,0.4521235255399776
zigzag,0.2,one_llm,3,1.0,241.13333333333333,0,0.449244451500095
zigzag,0.2,one_llm,4,1.0,238.93333333333334,0,0.4622260982214309
zigzag,0.2,one_llm,5,0.9333333333333333,320.57142857142856,0.06666666666666667,0.3421453955126914
zigzag,0.2,one_llm,6,1.0,228.93333333333334,0.06666666666666667,0.48130799661488977
zigzag,0.2,one_llm,7,0.7333333333333333,235.36363636363637,0,0.5345337058043883
zigzag,0.2,one_llm,8,0.9333333333333333,290.7142857142857,0,0.3802637021179625
zigzag,0.2,one_llm,9,0.0,,0.06666666666666667,
culdesac,0.08,rule_only,0,1.0,213,0,0.46808071820995906
culdesac,0.08,rule_only,1,1.0,197.86666666666667,0,0.5400498806411226
culdesac,0.08,rule_only,2,0.2,813,0,0.1254122197471542
culdesac,0.08,rule_only,3,0.7333333333333333,224.1818181818182,0.06666666666666667,0.4855953064166756
culdesac,0.08,rule_only,4,0.8,231.91666666666666,0,0.43288059910681337
culdesac,0.08,rule_only,5,0.6666666666666666,283.8,0,0.36071207011080647
culdesac,0.08,rule_only,6,0.8666666666666667,201.46153846153845,0.06666666666666667,0.5072132054588337
culdesac,0.08,rule_only,7,0.8,310.25,0,0.3454853462420464
culdesac,0.08,rule_only,8,0.8666666666666667,266,0,0.4064754880517578
culdesac,0.08,rule_only,9,0.8,216,0,0.4876853123449973
culdesac,0.08,one_llm,0,1.0,151.2,0,0.7515516547937108
culdesac,0.08,one_llm,1,0.9333333333333333,156.14285714285714,0.06666666666666667,0.7558581794223951
culdesac,0.08,one_llm,2,1.0,173.93333333333334,0,0.6446896034569854
culdesac,0.08,one_llm,3,0.9333333333333333,152.21428571428572,0.13333333333333333,0.7403677904632522
culdesac,0.08,one_llm,4,1.0,156.26666666666668,0.06666666666666667,0.7169354607029782
culdesac,0.08,one_llm,5,1.0,159.46666666666667,0.06666666666666667,0.7158012404382242
culdesac,0.08,one_llm,6,0.9333333333333333,482.42857142857144,0.13333333333333333,0.22765468147625467
culdesac,0.08,one_llm,7,1.0,157.26666666666668,0,0.7228387642797767
culdesac,0.08,one_llm,8,1.0,201.13333333333333,0.06666666666666667,0.5506622341183884
culdesac,0.08,one_llm,9,1.0,164.53333333333333,0.06666666666666667,0.6710506099528637
culdesac,0.12,rule_only,0,1.0,213,0,0.46808071820995906
culdesac,0.12,rule_only,1,1.0,197.86666666666667,0,0.5400498806411226
culdesac,0.12,rule_only,2,0.2,813,0,0.1254122197471542
culdesac,0.12,rule_only,3,0.7333333333333333,224.1818181818182,0.06666666666666667,0.4855953064166756
culdesac,0.12,rule_only,4,0.8,231.91666666666666,0,0.43288059910681337
culdesac,0.12,rule_only,5,0.6666666666666666,283.8,0,0.36071207011080647
culdesac,0.12,rule_only,6,0.8666666666666667,201.46153846153845,0.06666666666666667,0.5072132054588337
culdesac,0.12,rule_only,7,0.8,310.25,0,0.3454853462420464
culdesac,0.12,rule_only,8,0.8666666666666667,266,0,0.4064754880517578
culdesac,0.12,rule_only,9,0.8,216,0,0.4876853123449973
culdesac,0.12,one_llm,0,1.0,187.26666666666668,0.13333333333333333,0.6088054255312955
culdesac,0.12,one_llm,1,1.0,152.2,0,0.7343183409222491
culdesac,0.12,one_llm,2,0.9333333333333333,193.71428571428572,0,0.576228997413103
culdesac,0.12,one_llm,3,0.8666666666666667,147.53846153846155,0.06666666666666667,0.7629385246668072
culdesac,0.12,one_llm,4,1.0,152.8,0,0.7182077418748175
culdesac,0.12,one_llm,5,1.0,156.4,0,0.7104582751360006
culdesac,0.12,one_llm,6,0.9333333333333333,157.57142857142858,0.06666666666666667,0.7267319913095523
culdesac,0.12,one_llm,7,0.9333333333333333,151.5,0,0.7535797311379961
culdesac,0.12,one_llm,8,1.0,198.66666666666666,0.13333333333333333,0.5734195914321758
culdesac,0.12,one_llm,9,1.0,156.66666666666666,0,0.7328637902042168
culdesac,0.2,rule_only,0,1.0,213,0,0.46808071820995906
culdesac,0.2,rule_only,1,1.0,197.86666666666667,0,0.5400498806411226
culdesac,0.2,rule_only,2,0.2,813,0,0.1254122197471542
culdesac,0.2,rule_only,3,0.7333333333333333,224.1818181818182,0.06666666666666667,0.4855953064166756
culdesac,0.2,rule_only,4,0.8,231.91666666666666,0,0.43288059910681337
culdesac,0.2,rule_only,5,0.6666666666666666,283.8,0,0.36071207011080647
culdesac,0.2,rule_only,6,0.8666666666666667,201.46153846153845,0.06666666666666667,0.5072132054588337
culdesac,0.2,rule_only,7,0.8,310.25,0,0.3454853462420464
culdesac,0.2,rule_only,8,0.8666666666666667,266,0,0.4064754880517578
culdesac,0.2,rule_only,9,0.8,216,0,0.4876853123449973
culdesac,0.2,one_llm,0,0.9333333333333333,159.5,0,0.6948751800374005
culdesac,0.2,one_llm,1,1.0,154.6,0,0.723860215225255
culdesac,0.2,one_llm,2,0.8666666666666667,199.30769230769232,0,0.5492832649570917
culdesac,0.2,one_llm,3,0.9333333333333333,170.64285714285714,0.06666666666666667,0.6583638537101045
culdesac,0.2,one_llm,4,1.0,150.06666666666666,0,0.7393029255971763
culdesac,0.2,one_llm,5,0.9333333333333333,159.71428571428572,0,0.69319392827651
culdesac,0.2,one_llm,6,0.9333333333333333,367.14285714285717,0.06666666666666667,0.3003517138319476
culdesac,0.2,one_llm,7,0.9333333333333333,159.07142857142858,0,0.7282051790147699
culdesac,0.2,one_llm,8,1.0,190.53333333333333,0,0.5942227482346125
culdesac,0.2,one_llm,9,1.0,181,0,0.6233020307436182
